{
  "version": "2",
  "sql": [
    {
      "schema": "db/migrations",
      "queries": "db/query",
      "engine": "sqlite",
      "gen": {
        "go": {
          "package": "db",
          "out": "db/sqlc",
          "emit_json_tags": true,
          "emit_interface": true,
          "emit_empty_slices": true,
          "overrides": [
            {
              "db_type": "timestamptz",
              "go_type": "time.Time"
            },
            {
              "db_type": "uuid",
              "go_type": "github.com/google/uuid.UUID"
            },
            {
              "column": "users.role",
              "go_type": {
                "type": "Role",
                "import": "m1thrandir225/lab-2-3-4/dto"
              }
            }
          ]
        }
      }
    }
  ]
}
